<style-scheme id="meld-base" _name="Meld base scheme" version="1.0">
  <author>Kai Willadsen</author>
  <_description>Base color scheme for Meld highlighting</_description>

  <!-- Meld -->
  <style name="meld:insert" background="#d0ffa3" foreground="#008800" line-background="#a5ff4c"/>
  <style name="meld:replace" background="#bdddff" foreground="#0044dd" line-background="#65b2ff"/>
  <style name="meld:conflict" background="#ffa5a3" foreground="#ff0000" line-background="#ff4f4c"/>
  <style name="meld:delete" background="#ffffff" foreground="#880000" line-background="#cccccc"/>
  <style name="meld:error" background="#fce94f" foreground="#faad3d" line-background="#fade0a"/>
  <style name="meld:inline" background="#8ac2ff"/>
  <style name="meld:current-line-highlight" background="#ffff00"/>
  <style name="meld:unknown-text" foreground="#888888"/>
  <style name="meld:syncpoint-outline" foreground="#555555"/>
  <style name="meld:current-chunk-highlight" background="#rgba(255, 255, 255, 0.5)"/>
  <style name="meld:dimmed" foreground="#999999"/>
</style-scheme>
