{
  "robotName": "Arlobot",
  "_comment": "I am using a _ instance of each field for comments.",
  "idleTimeoutInMinutes": 15,
  "_idleTimeoutInMinutes": "Use 0 to disable automatic shutdown of ROS and server reset after idle timeout",
  "useMyCroft": false,
  "_rosLibDelay": "In Seconds. How long to delay between polling ROS for parameters. Decrease to make parameters on the web interafce update faster, however it will increase the CPU/Memory load on the system. 5 to 10 is reasonable.",
  "rosLibDelay": 5,
  "_pushover": "If you use pushover include your tokens here.",
  "pushover": {
    "TOKEN": "",
    "USER": "",
    "sound": ""
  },
  "_twilio": "Required data to use Twilio if you want",
  "twilio": {
    "account_sid": "",
    "auth_token": "",
    "number": "+",
    "my_phone_number": "",
    "smsWebhook": ""
  },
  "_ngrok": "This allows you to use a consistent ngrok so twilio can find it but you have to pay for it. I no longer use ngrok.",
  "ngrok": {
    "authtoken": "",
    "subdomain": "",
    "port": 8080
  },
  "_cloudServer": "For use if you have a cloud based server that the robot communicates with for various online functions.",
  "cloudServer": {
    "exists": false,
    "service": "http",
    "fqdn": "server.example.com",
    "port": 80,
    "password": "sueprSecret1785"
  },
  "_useMasterPowerRelay": "Set to true if you have a 'Master Relay' to turn off all power to the robot.",
  "useMasterPowerRelay": false,
  "masterPowerRelayUniqueString": "Numato_Lab_1_Channel_USB_Powered_Relay_Module",
  "masterPowerRelayStringLocation": "ID_MODEL",
  "_useLCD": "Set to true if you have an Adafruit LCD Display on the robot.",
  "useLCD": false,
  "LCDString": "Adafruit_Industries",
  "LCDLocation": "ID_MODEL",
  "useArduinoForBlinkenLights": true,
  "arduinoUniqueString": "Arduino__www.arduino.cc__0043_8533434373835150C141",
  "arduinoStringLocation": "ID_SERIAL",
  "_useUSBrelay": "Set to true if you have a USB Relay board",
  "useUSBrelay": false,
  "_use_xv11": "Set to true if you have an XV11 neato scanner connected.",
  "use_xv11": false,
  "_camera0": "Set to true if you have a USB camera.",
  "camera0": false,
  "_camera0name": "Run 'fswebcam --verbose --device=/dev/video0 2>&1|grep cap.card' and set this to a unique part of the resulting string.",
  "camera0name": "C615",
  "_camera1": "Set to true if you have a USB 2nd camera.",
  "camera1": false,
  "_camera1name": "Run 'fswebcam --verbose --device=/dev/video1 2>&1|grep cap.card' and set this to a unique part of the resulting string.",
  "camera1name": "HP",
  "_wait_for_door_confirmation": "Set to true if you want the robot to always start disabled, waiting for you to confirm a door is shut",
  "wait_for_door_confirmation": false,
  "_door_list": "List of doors to pre-populate for confirmation",
  "door_list": [],
  "_hasXboxController": "Set to true if you have a USB wireless xBox joystick receiver.",
  "hasXboxController": false,
  "_arlobotModel": "Use this to use an alternate URD file, otherwise use set to default",
  "arlobotModel": "default",
  "_hasActivityBoard": "This can only be false for a 'dummy' test system that has no actual hardware.",
  "hasActivityBoard": true,
  "_hasQuickStartBoard": "My roobt has a SECOND Prpoeller board called  'Quck Start Board' that runs the PING sensors.",
  "hasQuickStartBoard": false,
  "_speechVolumeLevelDefault": "Default volume level for speech. 0 to 100",
  "speechVolumeLevelDefault": 100,
  "defaultMicrophoneName": "",
  "_speechProgram": "Set this to a script that will convert text to speech and play it. Use 'nodeSay' if you do not have one. You can also use 'espeak' if you install it on your system.",
  "speechProgram": "nodeSay",
  "speech_engine": "~/catkin_ws/src/ArloBot/scripts/tts.sh",
  "use_external_speaker": false,
  "script_location": "~/catkin_ws/src/ArloBot/scripts",
  "web_folder": "~/catkin_ws/src/ArloBot/website",
  "webServerPort": 8080,
  "webSiteSettings": {
    "requirePassword": false,
    "basicAuthPassword": "password",
    "sessionSecret": "superSecret",
    "tokenSecret": "superSecret"
  },
  "launchBrowser": true,
  "useQRcodes": false,
  "qrCameraName": "C615",
  "useBlueToothBeacon": false,
  "_batteryConsideredFullAt": "Percentage at which laptop battery is considered full. Some never get to 100%",
  "batteryConsideredFullAt": 95,
  "relays": {
    "_has_fiveVolt": "Set this to true if you have a relay controlling a 5 volt power converter to run required items.",
    "has_fiveVolt": false,
    "_fiveVolt": "List the number on the USB Relay controller that controls the 5 volt power converter.",
    "fiveVolt": 7,
    "_has_arduino": "Set this to true if you have a relay controlling a voltage converter with an Arduiono attached.",
    "has_arduino": false,
    "_arduino": "List the number on the USB Relay controller that controls the Arduino attached.",
    "arduino": 3,
    "_has_lightOne": "Set if you have a light attached to a USB Relay",
    "has_lightOne": false,
    "_lightOne": "List the number on the USB Relay controller that controls the first light attached.",
    "lightOne": 8,
    "_has_lightTwo": "Set if you have a second light attached to a USB Relay",
    "has_lightTwo": false,
    "_lightTwo": "List the number on the USB Relay controller that controls the second light attached.",
    "lightTwo": 4,
    "_has_leftMotor": "Set if you have the Left Motor attached to a USB Relay",
    "has_leftMotor": false,
    "_leftMotor": "List the number on the USB Relay controller that Left Motor is attached to.",
    "leftMotor": 6,
    "_has_rightMotor": "Set if you have the Right Motor attached to a USB Relay",
    "has_rightMotor": false,
    "_rightMotor": "List the number on the USB Relay controller that right Motor is attached to.",
    "rightMotor": 2,
    "has_speaker": false,
    "_speaker": "Relay used to turn on speaker by rapid power cycliing it.",
    "speaker": 2
  },
  "maxPingRangeAccepted": 0.5,
  "_hasBeenEdited": "Set to true once you have put your settings in this file to let the program know that you did it.",
  "hasBeenEdited": false
}
