<launch>
  <arg name="scan_topic" default="xv11" />

  <node pkg="gmapping" type="slam_gmapping" name="slam_gmapping" respawn="true" output="screen">
    <param name="base_frame" value="base_footprint"/>
    <param name="odom_frame" value="odom"/>
    <param name="map_update_interval" value="1.0"/>
    <param name="maxUrange" value="4.7"/>
    <param name="maxRange" value="4.7"/>
    <param name="sigma" value="0.1"/>
    <param name="kernelSize" value="1"/>
    <param name="lstep" value="0.15"/>
    <param name="astep" value="0.15"/>
    <param name="iterations" value="5"/>
    <param name="lsigma" value="0.1"/>
    <param name="ogain" value="3.0"/>
    <param name="lskip" value="1"/>
    <param name="minimumScore" value="10000"/>
    <param name="srr" value="0.1"/>
    <param name="srt" value="0.2"/>
    <param name="str" value="0.1"/>
    <param name="stt" value="0.2"/>
    <param name="linearUpdate" value="0.3"/>
    <param name="angularUpdate" value="0.3"/>
    <param name="temporalUpdate" value="0.5"/>
    <param name="resampleThreshold" value="0.5"/>
    <param name="particles" value="50"/>
    <param name="xmin" value="-5.0"/>
    <param name="ymin" value="-5.0"/>
    <param name="xmax" value="5.0"/>
    <param name="ymax" value="5.0"/>
    <param name="delta" value="0.02"/>
    <param name="llsamplerange" value="0.01"/>
    <param name="llsamplestep" value="0.05"/>
    <param name="lasamplerange" value="0.05"/>
    <param name="lasamplestep" value="0.05"/>
    <remap from="scan" to="$(arg scan_topic)"/>
  </node>
</launch>
