<style-scheme id="meld-dark" _name="Meld dark scheme" version="1.0">
  <author>Kai Willadsen</author>
  <_description>Dark color scheme for Meld highlighting</_description>

  <!-- Meld -->
  <style name="meld:insert" background="#227000" foreground="#4e9a06" line-background="#309900"/>
  <style name="meld:replace" background="#00458c" foreground="#2d6cfc" line-background="#0066cc"/>
  <style name="meld:conflict" background="#7a2a28" foreground="#ff0000" line-background="#ac3b39"/>
  <!-- FIXME: delete background should be @theme_bg_color; line should be shaded of that -->
  <style name="meld:delete" background="#ffffff" foreground="#a40000" line-background="#cccccc"/>
  <style name="meld:error" background="#fce94f" foreground="#faad3d" line-background="#fdf8cd"/>
  <style name="meld:inline" background="#3465a4"/>
  <style name="meld:current-line-highlight" background="#111100"/>
  <style name="meld:unknown-text" foreground="#aaaaaa"/>
  <style name="meld:syncpoint-outline" foreground="#bbbbbb"/>
  <style name="meld:current-chunk-highlight" background="#rgba(255, 255, 255, 0.1)"/>
  <style name="meld:dimmed" foreground="#999999"/>
</style-scheme>
