<?xml version="1.0" encoding="UTF-8"?>
<glade-catalog name="meld.ui.gladesupport" library="gladepython" domain="glade-3" depends="gtk+">
    <init-function>glade_python_init</init-function>

    <glade-widget-classes>
        <glade-widget-class title="DiffGrid" name="DiffGrid" generic-name="diffgrid">
            <properties>
                <property id="n-rows" default="2" query="False"/>
                <property id="n-columns" default="7" query="False"/>
            </properties>
        </glade-widget-class>
        <glade-widget-class title="DiffMap" name="DiffMap" generic-name="diffmap"/>
        <glade-widget-class title="LinkMap" name="LinkMap" generic-name="linkmap"/>
        <glade-widget-class title="MeldSourceView" name="MeldSourceView" generic-name="meldsourceview"/>
        <glade-widget-class title="MsgAreaController" name="MsgAreaController" generic-name="msgareacontroller"/>
        <glade-widget-class title="HistoryCombo" name="HistoryCombo" generic-name="historycombo"/>
        <glade-widget-class title="EmblemCellRenderer" name="EmblemCellRenderer" generic-name="emblemcellrenderer"/>
    </glade-widget-classes>

    <glade-widget-group name="meld" title="Meld">
        <glade-widget-class-ref name="DiffMap"/>
        <glade-widget-class-ref name="LinkMap"/>
        <glade-widget-class-ref name="MeldSourceView"/>
        <glade-widget-class-ref name="MsgAreaController"/>
        <glade-widget-class-ref name="HistoryCombo"/>
        <glade-widget-class-ref name="EmblemCellRenderer"/>
    </glade-widget-group>
</glade-catalog>
