<!-- 
    ROS navigation stack with velocity smoother and safety (reactive) controller
-->
<launch>
  <include file="$(find turtlebot_navigation)/launch/includes/velocity_smoother.launch.xml"/>
  <include file="$(find turtlebot_navigation)/launch/includes/safety_controller.launch.xml"/>

  <arg name="odom_topic" default="odom" />

  <node pkg="move_base" type="move_base" respawn="true" name="move_base" output="screen">
    <rosparam file="$(find arlobot_explore)/param/costmap_common_params.yaml" command="load" ns="global_costmap" />
    <rosparam file="$(find arlobot_explore)/param/costmap_common_params.yaml" command="load" ns="local_costmap" />
    <rosparam file="$(find arlobot_explore)/param/local_costmap_params.yaml" command="load" />
    <rosparam file="$(find arlobot_explore)/param/global_costmap_params.yaml" command="load" />
    <rosparam file="$(find arlobot_explore)/param/base_local_planner_params.yaml" command="load" />
    <rosparam file="$(find arlobot_explore)/param/dwa_local_planner_params.yaml" command="load" />
    <rosparam file="$(find arlobot_explore)/param/move_base_params.yaml" command="load" />

    <remap from="cmd_vel" to="navigation_velocity_smoother/raw_cmd_vel"/>
    <remap from="odom" to="$(arg odom_topic)"/>
  </node>
</launch>
