<ui>
  <menubar name="Menubar">
    <menu action="ChangesMenu">
      <placeholder name="ChangesActions">
        <separator/>
        <menuitem action="VcCompare" />
        <menuitem action="VcCommit" />
        <menuitem action="VcUpdate" />
        <menuitem action="VcPush" />
        <separator/>
        <menuitem action="VcAdd" />
        <menuitem action="VcRemove" />
        <menuitem action="VcRevert" />
        <menuitem action="VcDeleteLocally" />
        <separator/>
        <menuitem action="VcResolved" />
        <separator/>
        <menuitem action="OpenExternal" />
      </placeholder>
    </menu>
    <menu action="ViewMenu">
      <placeholder name="ViewBarPlaceholder">
        <menuitem action="VcConsoleVisible" />
      </placeholder>
      <placeholder name="ViewPlaceholder">
        <menuitem action="VcFlatten" />
      </placeholder>
      <menu action="VcStatus">
        <menuitem action="VcShowModified" />
        <menuitem action="VcShowNormal" />
        <menuitem action="VcShowNonVC" />
        <menuitem action="VcShowIgnored" />
      </menu>
    </menu>
  </menubar>

  <toolbar name="Toolbar">
    <placeholder name="GeneralActions">
      <toolitem action="VcCompare" />
    </placeholder>
    <placeholder name="SpecialActions">
      <toolitem action="VcCommit" />
      <toolitem action="VcUpdate" />
      <toolitem action="VcPush" />
      <separator/>
      <toolitem action="VcAdd" />
      <toolitem action="VcRemove" />
      <toolitem action="VcRevert" />
      <toolitem action="VcDeleteLocally" />
      <separator/>
      <toolitem action="VcResolved" />
    </placeholder>
    <placeholder name="FilterActions">
      <toolitem action="VcFlatten" />
      <separator/>
      <toolitem action="VcShowModified" />
      <toolitem action="VcShowNormal" />
      <toolitem action="VcShowNonVC" />
      <toolitem action="VcShowIgnored" />
    </placeholder>
  </toolbar>

  <popup name="Popup">
    <menuitem action="VcCompare" />
    <menuitem action="VcUpdate" />
    <menuitem action="VcCommit" />
    <separator/>
    <menuitem action="VcAdd" />
    <menuitem action="VcRemove" />
    <menuitem action="VcRevert" />
    <menuitem action="VcDeleteLocally" />
    <separator/>
    <menuitem action="VcResolved" />
    <separator/>
    <menuitem action="OpenExternal" />
  </popup>
</ui>

