<ui>
  <menubar name="Menubar">
    <menu action="ViewMenu">
      <placeholder name="ViewPlaceholder">
        <menuitem action="IgnoreCase" />
      </placeholder>
      <menu action="FileStatus">
        <menuitem action="ShowSame" />
        <menuitem action="ShowNew" />
        <menuitem action="ShowModified" />
      </menu>
    </menu>
    <menu action="ChangesMenu">
      <placeholder name="ChangesActions">
        <menuitem action="DirCopyLeft" />
        <menuitem action="DirCopyRight" />
        <menuitem action="DirDelete" />
        <separator/>
        <menuitem action="DirCompare" />
        <menuitem action="OpenExternal" />
      </placeholder>
    </menu>

  </menubar>

  <toolbar name="Toolbar">
    <placeholder name="GeneralActions">
      <toolitem action="DirCompare" />
    </placeholder>
    <placeholder name="SpecialActions">
      <toolitem action="DirCopyLeft" />
      <toolitem action="DirCopyRight" />
      <toolitem action="DirDelete" />
    </placeholder>
    <placeholder name="FilterActions">
      <toolitem action="ShowSame" />
      <toolitem action="ShowNew" />
      <toolitem action="ShowModified" />
      <separator/>
      <toolitem action="CustomFilterMenu"/>
      <placeholder name="FilterButtons" />
    </placeholder>
  </toolbar>

  <popup name="Popup">
    <menuitem action="DirCompare" />
    <separator/>
    <menuitem action="DirCopyLeft" />
    <menuitem action="DirCopyRight" />
    <menuitem action="DirDelete" />
    <separator/>
    <menuitem action="OpenExternal" />
  </popup>

  <popup name="CustomPopup">
  </popup>
</ui>

